{
	"credit": "Made with Blockbench",
	"textures": {
		"0": "block/bee_nest_top",
		"1": "block/snow",
		"2": "block/redstone_block",
		"3": "block/black_concrete",
		"particle": "block/bee_nest_top"
	},
	"elements": [
		{
			"from": [8, 8, 6],
			"to": [13, 16, 6.2],
			"rotation": {"angle": 0, "axis": "y", "origin": [8, 8, 15]},
			"faces": {
				"north": {"uv": [3, 3, 12.5, 12.5], "texture": "#0"},
				"east": {"uv": [0, 0, 1, 8], "texture": "#0"},
				"south": {"uv": [0, 2, 1, 4], "texture": "#1"},
				"west": {"uv": [0, 0, 1, 8], "texture": "#missing"},
				"up": {"uv": [0, 0, 5, 1], "texture": "#0"},
				"down": {"uv": [0, 0, 5, 1], "texture": "#missing"}
			}
		},
		{
			"from": [3, 8, 6],
			"to": [8, 16, 6.2],
			"rotation": {"angle": 0, "axis": "y", "origin": [3, 8, 15]},
			"faces": {
				"north": {"uv": [3, 3, 12.5, 12.5], "rotation": 90, "texture": "#0"},
				"east": {"uv": [0, 0, 1, 8], "texture": "#missing"},
				"south": {"uv": [0, 2, 1, 4], "texture": "#1"},
				"west": {"uv": [0, 0, 1, 8], "texture": "#0"},
				"up": {"uv": [0, 0, 5, 1], "texture": "#0"},
				"down": {"uv": [0, 0, 5, 1], "texture": "#missing"}
			}
		},
		{
			"from": [3, 0, 6],
			"to": [8, 8, 6.2],
			"rotation": {"angle": 0, "axis": "y", "origin": [3, 0, 15]},
			"faces": {
				"north": {"uv": [3, 3, 12.5, 12.5], "rotation": 180, "texture": "#0"},
				"east": {"uv": [0, 0, 1, 8], "texture": "#missing"},
				"south": {"uv": [0, 2, 1, 4], "texture": "#1"},
				"west": {"uv": [0, 0, 1, 8], "texture": "#0"},
				"up": {"uv": [0, 0, 5, 1], "texture": "#missing"},
				"down": {"uv": [0, 0, 5, 1], "texture": "#0"}
			}
		},
		{
			"from": [8, 0, 6],
			"to": [13, 8, 6.2],
			"rotation": {"angle": 0, "axis": "y", "origin": [8, 0, 15]},
			"faces": {
				"north": {"uv": [3, 3, 12.5, 12.5], "rotation": 270, "texture": "#0"},
				"east": {"uv": [0, 0, 1, 8], "texture": "#0"},
				"south": {"uv": [0, 2, 1, 4], "texture": "#1"},
				"west": {"uv": [0, 0, 1, 8], "texture": "#missing"},
				"up": {"uv": [0, 0, 5, 1], "texture": "#missing"},
				"down": {"uv": [0, 0, 5, 1], "texture": "#0"}
			}
		},
		{
			"from": [8.77728, 13.69644, 6.201],
			"to": [9.98272, 14.15644, 6.224],
			"rotation": {"angle": 0, "axis": "y", "origin": [10.76, 13.78372, 6.2125]},
			"faces": {
				"north": {"uv": [0, 0, 0, 1], "rotation": 270, "texture": "#2"},
				"east": {"uv": [0, 0, 0, 1], "rotation": 90, "texture": "#2"},
				"south": {"uv": [0, 0, 0, 1], "rotation": 90, "texture": "#2"},
				"west": {"uv": [0, 0, 0, 1], "rotation": 90, "texture": "#2"},
				"up": {"uv": [0, 0, 0, 1], "rotation": 90, "texture": "#2"},
				"down": {"uv": [0, 0, 0, 1], "rotation": 90, "texture": "#2"}
			}
		},
		{
			"from": [5.55728, 10.421, 6.201],
			"to": [10.44272, 12.77644, 6.224],
			"rotation": {"angle": 0, "axis": "y", "origin": [8, 13.78372, 6.2125]},
			"faces": {
				"north": {"uv": [0, 0, 0, 1], "rotation": 270, "texture": "#2"},
				"east": {"uv": [0, 0, 0, 1], "rotation": 90, "texture": "#2"},
				"south": {"uv": [0, 0, 0, 1], "rotation": 90, "texture": "#2"},
				"west": {"uv": [0, 0, 0, 1], "rotation": 90, "texture": "#2"},
				"up": {"uv": [0, 0, 0, 1], "rotation": 90, "texture": "#2"},
				"down": {"uv": [0, 0, 0, 1], "rotation": 90, "texture": "#2"}
			}
		},
		{
			"from": [5.32728, 10.881, 6.201],
			"to": [10.67272, 12.77644, 6.224],
			"rotation": {"angle": 0, "axis": "y", "origin": [8, 14.01372, 6.2125]},
			"faces": {
				"north": {"uv": [0, 0, 0, 1], "rotation": 270, "texture": "#2"},
				"east": {"uv": [0, 0, 0, 1], "rotation": 90, "texture": "#2"},
				"south": {"uv": [0, 0, 0, 1], "rotation": 90, "texture": "#2"},
				"west": {"uv": [0, 0, 0, 1], "rotation": 90, "texture": "#2"},
				"up": {"uv": [0, 0, 0, 1], "rotation": 90, "texture": "#2"},
				"down": {"uv": [0, 0, 0, 1], "rotation": 90, "texture": "#2"}
			}
		},
		{
			"from": [6.01728, 9.501, 6.201],
			"to": [9.98272, 10.43044, 6.224],
			"rotation": {"angle": 0, "axis": "y", "origin": [8, 11.94372, 6.2125]},
			"faces": {
				"north": {"uv": [0, 0, 0, 1], "rotation": 270, "texture": "#2"},
				"east": {"uv": [0, 0, 0, 1], "rotation": 90, "texture": "#2"},
				"south": {"uv": [0, 0, 0, 1], "rotation": 90, "texture": "#2"},
				"west": {"uv": [0, 0, 0, 1], "rotation": 90, "texture": "#2"},
				"up": {"uv": [0, 0, 0, 1], "rotation": 90, "texture": "#2"},
				"down": {"uv": [0, 0, 0, 1], "rotation": 90, "texture": "#2"}
			}
		},
		{
			"from": [6.70728, 9.041, 6.201],
			"to": [9.29272, 9.501, 6.224],
			"rotation": {"angle": 0, "axis": "y", "origin": [8, 11.94372, 6.2125]},
			"faces": {
				"north": {"uv": [0, 0, 0, 1], "rotation": 270, "texture": "#2"},
				"east": {"uv": [0, 0, 0, 1], "rotation": 90, "texture": "#2"},
				"south": {"uv": [0, 0, 0, 1], "rotation": 90, "texture": "#2"},
				"west": {"uv": [0, 0, 0, 1], "rotation": 90, "texture": "#2"},
				"up": {"uv": [0, 0, 0, 1], "rotation": 90, "texture": "#2"},
				"down": {"uv": [0, 0, 0, 1], "rotation": 90, "texture": "#2"}
			}
		},
		{
			"from": [7.39728, 8.581, 6.201],
			"to": [8.60272, 9.041, 6.224],
			"rotation": {"angle": 0, "axis": "y", "origin": [8, 11.94372, 6.2125]},
			"faces": {
				"north": {"uv": [0, 0, 0, 1], "rotation": 270, "texture": "#2"},
				"east": {"uv": [0, 0, 0, 1], "rotation": 90, "texture": "#2"},
				"south": {"uv": [0, 0, 0, 1], "rotation": 90, "texture": "#2"},
				"west": {"uv": [0, 0, 0, 1], "rotation": 90, "texture": "#2"},
				"up": {"uv": [0, 0, 0, 1], "rotation": 90, "texture": "#2"},
				"down": {"uv": [0, 0, 0, 1], "rotation": 90, "texture": "#2"}
			}
		},
		{
			"from": [5.55728, 12.77644, 6.201],
			"to": [7.68272, 13.69644, 6.224],
			"rotation": {"angle": 0, "axis": "y", "origin": [8, 13.78372, 6.2125]},
			"faces": {
				"north": {"uv": [0, 0, 0, 1], "rotation": 270, "texture": "#2"},
				"east": {"uv": [0, 0, 0, 1], "rotation": 90, "texture": "#2"},
				"south": {"uv": [0, 0, 0, 1], "rotation": 90, "texture": "#2"},
				"west": {"uv": [0, 0, 0, 1], "rotation": 90, "texture": "#2"},
				"up": {"uv": [0, 0, 0, 1], "rotation": 90, "texture": "#2"},
				"down": {"uv": [0, 0, 0, 1], "rotation": 90, "texture": "#2"}
			}
		},
		{
			"from": [6.01728, 13.69644, 6.201],
			"to": [7.22272, 14.15644, 6.224],
			"rotation": {"angle": 0, "axis": "y", "origin": [8, 13.78372, 6.2125]},
			"faces": {
				"north": {"uv": [0, 0, 0, 1], "rotation": 270, "texture": "#2"},
				"east": {"uv": [0, 0, 0, 1], "rotation": 90, "texture": "#2"},
				"south": {"uv": [0, 0, 0, 1], "rotation": 90, "texture": "#2"},
				"west": {"uv": [0, 0, 0, 1], "rotation": 90, "texture": "#2"},
				"up": {"uv": [0, 0, 0, 1], "rotation": 90, "texture": "#2"},
				"down": {"uv": [0, 0, 0, 1], "rotation": 90, "texture": "#2"}
			}
		},
		{
			"from": [8.31728, 12.77644, 6.201],
			"to": [10.44272, 13.69644, 6.224],
			"rotation": {"angle": 0, "axis": "y", "origin": [10.76, 13.78372, 6.2125]},
			"faces": {
				"north": {"uv": [0, 0, 0, 1], "rotation": 270, "texture": "#2"},
				"east": {"uv": [0, 0, 0, 1], "rotation": 90, "texture": "#2"},
				"south": {"uv": [0, 0, 0, 1], "rotation": 90, "texture": "#2"},
				"west": {"uv": [0, 0, 0, 1], "rotation": 90, "texture": "#2"},
				"up": {"uv": [0, 0, 0, 1], "rotation": 90, "texture": "#2"},
				"down": {"uv": [0, 0, 0, 1], "rotation": 90, "texture": "#2"}
			}
		},
		{
			"from": [5.18528, 1.383, 6.201],
			"to": [5.86472, 7.44844, 6.224],
			"rotation": {"angle": 0, "axis": "y", "origin": [5.4, 5.46572, 6.2125]},
			"faces": {
				"north": {"uv": [0, 0, 0, 1], "texture": "#2"},
				"east": {"uv": [0, 0, 0, 1], "texture": "#2"},
				"south": {"uv": [0, 0, 0, 1], "texture": "#3"},
				"west": {"uv": [0, 0, 0, 1], "texture": "#2"},
				"up": {"uv": [0, 0, 0, 1], "texture": "#2"},
				"down": {"uv": [0, 0, 0, 1], "texture": "#2"}
			}
		},
		{
			"from": [7.68528, 1.383, 6.201],
			"to": [8.36472, 7.44844, 6.224],
			"rotation": {"angle": 22.5, "axis": "z", "origin": [8.025, 4.41572, 6.2125]},
			"faces": {
				"north": {"uv": [0, 0, 0, 1], "texture": "#2"},
				"east": {"uv": [0, 0, 0, 1], "texture": "#2"},
				"south": {"uv": [0, 0, 0, 1], "texture": "#3"},
				"west": {"uv": [0, 0, 0, 1], "texture": "#2"},
				"up": {"uv": [0, 0, 0, 1], "texture": "#2"},
				"down": {"uv": [0, 0, 0, 1], "texture": "#2"}
			}
		},
		{
			"from": [9.8787, 1.383, 6.201],
			"to": [10.55814, 7.44844, 6.224],
			"rotation": {"angle": -22.5, "axis": "z", "origin": [10.21842, 4.41572, 6.2125]},
			"faces": {
				"north": {"uv": [0, 0, 0, 1], "texture": "#2"},
				"east": {"uv": [0, 0, 0, 1], "texture": "#2"},
				"south": {"uv": [0, 0, 0, 1], "texture": "#3"},
				"west": {"uv": [0, 0, 0, 1], "texture": "#2"},
				"up": {"uv": [0, 0, 0, 1], "texture": "#2"},
				"down": {"uv": [0, 0, 0, 1], "texture": "#2"}
			}
		},
		{
			"from": [4.68528, 1.383, 6.201],
			"to": [6.36472, 1.94844, 6.224],
			"rotation": {"angle": 0, "axis": "y", "origin": [6.4, 5.46572, 6.2125]},
			"faces": {
				"north": {"uv": [0, 0, 0, 1], "texture": "#2"},
				"east": {"uv": [0, 0, 0, 1], "texture": "#2"},
				"south": {"uv": [0, 0, 0, 1], "texture": "#3"},
				"west": {"uv": [0, 0, 0, 1], "texture": "#2"},
				"up": {"uv": [0, 0, 0, 1], "texture": "#2"},
				"down": {"uv": [0, 0, 0, 1], "texture": "#2"}
			}
		},
		{
			"from": [4.68528, 6.883, 6.201],
			"to": [6.36472, 7.44844, 6.224],
			"rotation": {"angle": 0, "axis": "y", "origin": [6.4, 10.96572, 6.2125]},
			"faces": {
				"north": {"uv": [0, 0, 0, 1], "texture": "#2"},
				"east": {"uv": [0, 0, 0, 1], "texture": "#2"},
				"south": {"uv": [0, 0, 0, 1], "texture": "#3"},
				"west": {"uv": [0, 0, 0, 1], "texture": "#2"},
				"up": {"uv": [0, 0, 0, 1], "texture": "#2"},
				"down": {"uv": [0, 0, 0, 1], "texture": "#2"}
			}
		}
	],
	"gui_light": "front",
	"display": {
		"gui": {
			"scale": [1.99, 1.99, 1.99]
		}
	},
	"groups": [0, 1, 2, 3,
		{
			"name": "group",
			"origin": [11, 13.96007, 7.2125],
			"children": [4, 5, 6, 7, 8, 9, 10, 11, 12]
		},
		{
			"name": "group",
			"origin": [8, 8, 8],
			"children": [13, 14, 15, 16, 17]
		}
	]
}