{
	"credit": "Made with Blockbench",
	"textures": {
		"0": "block/bee_nest_top",
		"1": "block/snow",
		"2": "block/redstone_block",
		"3": "block/black_concrete",
		"particle": "block/bee_nest_top"
	},
	"elements": [
		{
			"from": [8, 8, 6],
			"to": [13, 16, 6.2],
			"rotation": {"angle": 0, "axis": "y", "origin": [8, 8, 15]},
			"faces": {
				"north": {"uv": [3, 3, 12.5, 12.5], "texture": "#0"},
				"east": {"uv": [0, 0, 1, 8], "texture": "#0"},
				"south": {"uv": [0, 2, 1, 4], "texture": "#1"},
				"west": {"uv": [0, 0, 1, 8], "texture": "#missing"},
				"up": {"uv": [0, 0, 5, 1], "texture": "#0"},
				"down": {"uv": [0, 0, 5, 1], "texture": "#missing"}
			}
		},
		{
			"from": [3, 8, 6],
			"to": [8, 16, 6.2],
			"rotation": {"angle": 0, "axis": "y", "origin": [3, 8, 15]},
			"faces": {
				"north": {"uv": [3, 3, 12.5, 12.5], "rotation": 90, "texture": "#0"},
				"east": {"uv": [0, 0, 1, 8], "texture": "#missing"},
				"south": {"uv": [0, 2, 1, 4], "texture": "#1"},
				"west": {"uv": [0, 0, 1, 8], "texture": "#0"},
				"up": {"uv": [0, 0, 5, 1], "texture": "#0"},
				"down": {"uv": [0, 0, 5, 1], "texture": "#missing"}
			}
		},
		{
			"from": [3, 0, 6],
			"to": [8, 8, 6.2],
			"rotation": {"angle": 0, "axis": "y", "origin": [3, 0, 15]},
			"faces": {
				"north": {"uv": [3, 3, 12.5, 12.5], "rotation": 180, "texture": "#0"},
				"east": {"uv": [0, 0, 1, 8], "texture": "#missing"},
				"south": {"uv": [0, 2, 1, 4], "texture": "#1"},
				"west": {"uv": [0, 0, 1, 8], "texture": "#0"},
				"up": {"uv": [0, 0, 5, 1], "texture": "#missing"},
				"down": {"uv": [0, 0, 5, 1], "texture": "#0"}
			}
		},
		{
			"from": [8, 0, 6],
			"to": [13, 8, 6.2],
			"rotation": {"angle": 0, "axis": "y", "origin": [8, 0, 15]},
			"faces": {
				"north": {"uv": [3, 3, 12.5, 12.5], "rotation": 270, "texture": "#0"},
				"east": {"uv": [0, 0, 1, 8], "texture": "#0"},
				"south": {"uv": [0, 2, 1, 4], "texture": "#1"},
				"west": {"uv": [0, 0, 1, 8], "texture": "#missing"},
				"up": {"uv": [0, 0, 5, 1], "texture": "#missing"},
				"down": {"uv": [0, 0, 5, 1], "texture": "#0"}
			}
		},
		{
			"from": [7.70463, 10.53235, 6.2],
			"to": [9.05463, 13.53235, 6.225],
			"rotation": {"angle": 22.5, "axis": "z", "origin": [7.8154, 12.92139, 6.2125]},
			"faces": {
				"north": {"uv": [0, 0, 0, 1], "rotation": 180, "texture": "#2"},
				"east": {"uv": [0, 0, 0, 1], "rotation": 180, "texture": "#2"},
				"south": {"uv": [0, 0, 0, 1], "rotation": 180, "texture": "#2"},
				"west": {"uv": [0, 0, 0, 1], "rotation": 180, "texture": "#2"},
				"up": {"uv": [0, 0, 0, 1], "rotation": 180, "texture": "#2"},
				"down": {"uv": [0, 0, 0, 1], "rotation": 180, "texture": "#2"}
			}
		},
		{
			"from": [6.94771, 10.52056, 6.2],
			"to": [8.39771, 13.52056, 6.225],
			"rotation": {"angle": -22.5, "axis": "z", "origin": [8.2154, 12.92139, 6.2125]},
			"faces": {
				"north": {"uv": [0, 0, 0, 1], "rotation": 180, "texture": "#2"},
				"east": {"uv": [0, 0, 0, 1], "rotation": 180, "texture": "#2"},
				"south": {"uv": [0, 0, 0, 1], "rotation": 180, "texture": "#2"},
				"west": {"uv": [0, 0, 0, 1], "rotation": 180, "texture": "#2"},
				"up": {"uv": [0, 0, 0, 1], "rotation": 180, "texture": "#2"},
				"down": {"uv": [0, 0, 0, 1], "rotation": 180, "texture": "#2"}
			}
		},
		{
			"from": [8.08384, 13.01161, 6.2],
			"to": [9.3941, 14.32187, 6.225],
			"rotation": {"angle": 45, "axis": "z", "origin": [8.0154, 12.92139, 6.2125]},
			"faces": {
				"north": {"uv": [0, 0, 0, 1], "rotation": 180, "texture": "#2"},
				"east": {"uv": [0, 0, 0, 1], "rotation": 180, "texture": "#2"},
				"south": {"uv": [0, 0, 0, 1], "rotation": 180, "texture": "#2"},
				"west": {"uv": [0, 0, 0, 1], "rotation": 180, "texture": "#2"},
				"up": {"uv": [0, 0, 0, 1], "rotation": 180, "texture": "#2"},
				"down": {"uv": [0, 0, 0, 1], "rotation": 180, "texture": "#2"}
			}
		},
		{
			"from": [7.34487, 8.30494, 6.2],
			"to": [8.65513, 13.8652, 6.225],
			"rotation": {"angle": 0, "axis": "y", "origin": [8, 13.96007, 6.2125]},
			"faces": {
				"north": {"uv": [0, 0, 0, 1], "rotation": 270, "texture": "#2"},
				"east": {"uv": [0, 0, 0, 1], "rotation": 90, "texture": "#2"},
				"south": {"uv": [0, 0, 0, 1], "rotation": 90, "texture": "#2"},
				"west": {"uv": [0, 0, 0, 1], "rotation": 90, "texture": "#2"},
				"up": {"uv": [0, 0, 0, 1], "rotation": 90, "texture": "#2"},
				"down": {"uv": [0, 0, 0, 1], "rotation": 90, "texture": "#2"}
			}
		},
		{
			"from": [6.7, 8.8, 6.2],
			"to": [8.05, 11.8, 6.225],
			"rotation": {"angle": 22.5, "axis": "z", "origin": [7.95, 10.05, 6.2125]},
			"faces": {
				"north": {"uv": [0, 0, 0, 1], "texture": "#2"},
				"east": {"uv": [0, 0, 0, 1], "texture": "#2"},
				"south": {"uv": [0, 0, 0, 1], "texture": "#2"},
				"west": {"uv": [0, 0, 0, 1], "texture": "#2"},
				"up": {"uv": [0, 0, 0, 1], "texture": "#2"},
				"down": {"uv": [0, 0, 0, 1], "texture": "#2"}
			}
		},
		{
			"from": [7.85, 8.8, 6.2],
			"to": [9.3, 11.8, 6.225],
			"rotation": {"angle": -22.5, "axis": "z", "origin": [8.05, 10.05, 6.2125]},
			"faces": {
				"north": {"uv": [0, 0, 0, 1], "texture": "#2"},
				"east": {"uv": [0, 0, 0, 1], "texture": "#2"},
				"south": {"uv": [0, 0, 0, 1], "texture": "#2"},
				"west": {"uv": [0, 0, 0, 1], "texture": "#2"},
				"up": {"uv": [0, 0, 0, 1], "texture": "#2"},
				"down": {"uv": [0, 0, 0, 1], "texture": "#2"}
			}
		},
		{
			"from": [7.6645, 8.53331, 6.2],
			"to": [8.97476, 9.84357, 6.225],
			"rotation": {"angle": 45, "axis": "z", "origin": [9.09127, 8.4168, 6.2125]},
			"faces": {
				"north": {"uv": [0, 0, 0, 1], "texture": "#2"},
				"east": {"uv": [0, 0, 0, 1], "texture": "#2"},
				"south": {"uv": [0, 0, 0, 1], "texture": "#2"},
				"west": {"uv": [0, 0, 0, 1], "texture": "#2"},
				"up": {"uv": [0, 0, 0, 1], "texture": "#2"},
				"down": {"uv": [0, 0, 0, 1], "texture": "#2"}
			}
		},
		{
			"from": [7.18528, 1.383, 6.201],
			"to": [7.86472, 7.44844, 6.224],
			"rotation": {"angle": 0, "axis": "y", "origin": [7.4, 5.46572, 6.2125]},
			"faces": {
				"north": {"uv": [0, 0, 0, 1], "texture": "#2"},
				"east": {"uv": [0, 0, 0, 1], "texture": "#2"},
				"south": {"uv": [0, 0, 0, 1], "texture": "#3"},
				"west": {"uv": [0, 0, 0, 1], "texture": "#2"},
				"up": {"uv": [0, 0, 0, 1], "texture": "#2"},
				"down": {"uv": [0, 0, 0, 1], "texture": "#2"}
			}
		},
		{
			"from": [8.18528, 1.383, 6.201],
			"to": [8.86472, 7.44844, 6.224],
			"rotation": {"angle": 0, "axis": "y", "origin": [8.4, 5.46572, 6.2125]},
			"faces": {
				"north": {"uv": [0, 0, 0, 1], "texture": "#2"},
				"east": {"uv": [0, 0, 0, 1], "texture": "#2"},
				"south": {"uv": [0, 0, 0, 1], "texture": "#3"},
				"west": {"uv": [0, 0, 0, 1], "texture": "#2"},
				"up": {"uv": [0, 0, 0, 1], "texture": "#2"},
				"down": {"uv": [0, 0, 0, 1], "texture": "#2"}
			}
		},
		{
			"from": [6.68528, 1.383, 6.201],
			"to": [9.36472, 1.94844, 6.224],
			"rotation": {"angle": 0, "axis": "y", "origin": [7.9, 5.46572, 6.2125]},
			"faces": {
				"north": {"uv": [0, 0, 0, 1], "texture": "#2"},
				"east": {"uv": [0, 0, 0, 1], "texture": "#2"},
				"south": {"uv": [0, 0, 0, 1], "texture": "#3"},
				"west": {"uv": [0, 0, 0, 1], "texture": "#2"},
				"up": {"uv": [0, 0, 0, 1], "texture": "#2"},
				"down": {"uv": [0, 0, 0, 1], "texture": "#2"}
			}
		},
		{
			"from": [6.68528, 6.883, 6.201],
			"to": [9.36472, 7.44844, 6.224],
			"rotation": {"angle": 0, "axis": "y", "origin": [7.9, 10.96572, 6.2125]},
			"faces": {
				"north": {"uv": [0, 0, 0, 1], "texture": "#2"},
				"east": {"uv": [0, 0, 0, 1], "texture": "#2"},
				"south": {"uv": [0, 0, 0, 1], "texture": "#3"},
				"west": {"uv": [0, 0, 0, 1], "texture": "#2"},
				"up": {"uv": [0, 0, 0, 1], "texture": "#2"},
				"down": {"uv": [0, 0, 0, 1], "texture": "#2"}
			}
		}
	],
	"gui_light": "front",
	"display": {
		"gui": {
			"scale": [1.99, 1.99, 1.99]
		}
	},
	"groups": [0, 1, 2, 3,
		{
			"name": "group",
			"origin": [8, 15, 14.2],
			"children": [4, 5, 6, 7, 8, 9, 10]
		},
		{
			"name": "group",
			"origin": [8, 8, 8],
			"children": [11, 12, 13, 14]
		}
	]
}