{
	"parent": "item/generated",
	"textures": {
		"layer0": "item/gold_nugget"
	},
	
	"overrides": [
		{"predicate": {"custom_model_data":777}, "model": "item/facedowncard"},

		{"predicate": {"custom_model_data":1}, "model": "item/card_spade_1"},
		{"predicate": {"custom_model_data":2}, "model": "item/card_spade_2"},
		{"predicate": {"custom_model_data":3}, "model": "item/card_spade_3"},
		{"predicate": {"custom_model_data":4}, "model": "item/card_spade_4"},
		{"predicate": {"custom_model_data":5}, "model": "item/card_spade_5"},
		{"predicate": {"custom_model_data":6}, "model": "item/card_spade_6"},
		{"predicate": {"custom_model_data":7}, "model": "item/card_spade_7"},
		{"predicate": {"custom_model_data":8}, "model": "item/card_spade_8"},
		{"predicate": {"custom_model_data":9}, "model": "item/card_spade_9"},
		{"predicate": {"custom_model_data":10}, "model": "item/card_spade_10"},
		{"predicate": {"custom_model_data":11}, "model": "item/card_spade_11"},
		{"predicate": {"custom_model_data":12}, "model": "item/card_spade_12"},
		{"predicate": {"custom_model_data":13}, "model": "item/card_spade_13"},

		{"predicate": {"custom_model_data":101}, "model": "item/card_diamond_1"},
		{"predicate": {"custom_model_data":102}, "model": "item/card_diamond_2"},
		{"predicate": {"custom_model_data":103}, "model": "item/card_diamond_3"},
		{"predicate": {"custom_model_data":104}, "model": "item/card_diamond_4"},
		{"predicate": {"custom_model_data":105}, "model": "item/card_diamond_5"},
		{"predicate": {"custom_model_data":106}, "model": "item/card_diamond_6"},
		{"predicate": {"custom_model_data":107}, "model": "item/card_diamond_7"},
		{"predicate": {"custom_model_data":108}, "model": "item/card_diamond_8"},
		{"predicate": {"custom_model_data":109}, "model": "item/card_diamond_9"},
		{"predicate": {"custom_model_data":110}, "model": "item/card_diamond_10"},
		{"predicate": {"custom_model_data":111}, "model": "item/card_diamond_11"},
		{"predicate": {"custom_model_data":112}, "model": "item/card_diamond_12"},
		{"predicate": {"custom_model_data":113}, "model": "item/card_diamond_13"},

		{"predicate": {"custom_model_data":201}, "model": "item/card_hearts_1"},
		{"predicate": {"custom_model_data":202}, "model": "item/card_hearts_2"},
		{"predicate": {"custom_model_data":203}, "model": "item/card_hearts_3"},
		{"predicate": {"custom_model_data":204}, "model": "item/card_hearts_4"},
		{"predicate": {"custom_model_data":205}, "model": "item/card_hearts_5"},
		{"predicate": {"custom_model_data":206}, "model": "item/card_hearts_6"},
		{"predicate": {"custom_model_data":207}, "model": "item/card_hearts_7"},
		{"predicate": {"custom_model_data":208}, "model": "item/card_hearts_8"},
		{"predicate": {"custom_model_data":209}, "model": "item/card_hearts_9"},
		{"predicate": {"custom_model_data":210}, "model": "item/card_hearts_10"},
		{"predicate": {"custom_model_data":211}, "model": "item/card_hearts_11"},
		{"predicate": {"custom_model_data":212}, "model": "item/card_hearts_12"},
		{"predicate": {"custom_model_data":213}, "model": "item/card_hearts_13"},

		{"predicate": {"custom_model_data":301}, "model": "item/card_club_1"},
		{"predicate": {"custom_model_data":302}, "model": "item/card_club_2"},
		{"predicate": {"custom_model_data":303}, "model": "item/card_club_3"},
		{"predicate": {"custom_model_data":304}, "model": "item/card_club_4"},
		{"predicate": {"custom_model_data":305}, "model": "item/card_club_5"},
		{"predicate": {"custom_model_data":306}, "model": "item/card_club_6"},
		{"predicate": {"custom_model_data":307}, "model": "item/card_club_7"},
		{"predicate": {"custom_model_data":308}, "model": "item/card_club_8"},
		{"predicate": {"custom_model_data":309}, "model": "item/card_club_9"},
		{"predicate": {"custom_model_data":310}, "model": "item/card_club_10"},
		{"predicate": {"custom_model_data":311}, "model": "item/card_club_11"},
		{"predicate": {"custom_model_data":312}, "model": "item/card_club_12"},
		{"predicate": {"custom_model_data":313}, "model": "item/card_club_13"}
		
	]
}