{
	"credit": "Made with Blockbench",
	"textures": {
		"0": "block/bee_nest_top",
		"1": "block/snow",
		"2": "block/black_concrete",
		"particle": "block/bee_nest_top",
		"2_2": "block/redstone_block"
	},
	"elements": [
		{
			"from": [8, 8, 6],
			"to": [13, 16, 6.2],
			"rotation": {"angle": 0, "axis": "y", "origin": [8, 8, 15]},
			"faces": {
				"north": {"uv": [3, 3, 12.5, 12.5], "texture": "#0"},
				"east": {"uv": [0, 0, 1, 8], "texture": "#0"},
				"south": {"uv": [0, 2, 1, 4], "texture": "#1"},
				"west": {"uv": [0, 0, 1, 8], "texture": "#missing"},
				"up": {"uv": [0, 0, 5, 1], "texture": "#0"},
				"down": {"uv": [0, 0, 5, 1], "texture": "#missing"}
			}
		},
		{
			"from": [3, 8, 6],
			"to": [8, 16, 6.2],
			"rotation": {"angle": 0, "axis": "y", "origin": [3, 8, 15]},
			"faces": {
				"north": {"uv": [3, 3, 12.5, 12.5], "rotation": 90, "texture": "#0"},
				"east": {"uv": [0, 0, 1, 8], "texture": "#missing"},
				"south": {"uv": [0, 2, 1, 4], "texture": "#1"},
				"west": {"uv": [0, 0, 1, 8], "texture": "#0"},
				"up": {"uv": [0, 0, 5, 1], "texture": "#0"},
				"down": {"uv": [0, 0, 5, 1], "texture": "#missing"}
			}
		},
		{
			"from": [3, 0, 6],
			"to": [8, 8, 6.2],
			"rotation": {"angle": 0, "axis": "y", "origin": [3, 0, 15]},
			"faces": {
				"north": {"uv": [3, 3, 12.5, 12.5], "rotation": 180, "texture": "#0"},
				"east": {"uv": [0, 0, 1, 8], "texture": "#missing"},
				"south": {"uv": [0, 2, 1, 4], "texture": "#1"},
				"west": {"uv": [0, 0, 1, 8], "texture": "#0"},
				"up": {"uv": [0, 0, 5, 1], "texture": "#missing"},
				"down": {"uv": [0, 0, 5, 1], "texture": "#0"}
			}
		},
		{
			"from": [8, 0, 6],
			"to": [13, 8, 6.2],
			"rotation": {"angle": 0, "axis": "y", "origin": [8, 0, 15]},
			"faces": {
				"north": {"uv": [3, 3, 12.5, 12.5], "rotation": 270, "texture": "#0"},
				"east": {"uv": [0, 0, 1, 8], "texture": "#0"},
				"south": {"uv": [0, 2, 1, 4], "texture": "#1"},
				"west": {"uv": [0, 0, 1, 8], "texture": "#missing"},
				"up": {"uv": [0, 0, 5, 1], "texture": "#missing"},
				"down": {"uv": [0, 0, 5, 1], "texture": "#0"}
			}
		},
		{
			"from": [7.75, 9.25, 6.2],
			"to": [8.25, 10.75, 6.225],
			"rotation": {"angle": 0, "axis": "y", "origin": [8, 10.75, 14.2]},
			"faces": {
				"north": {"uv": [0, 0, 0.5, 3.25], "texture": "#2"},
				"east": {"uv": [0, 0, 0.5, 3.25], "texture": "#2"},
				"south": {"uv": [0, 0, 0.5, 3.25], "texture": "#2"},
				"west": {"uv": [0, 0, 0.5, 3.25], "texture": "#2"},
				"up": {"uv": [0, 0, 0.5, 3.25], "texture": "#2"},
				"down": {"uv": [0, 0, 0.5, 3.25], "texture": "#2"}
			}
		},
		{
			"from": [7.5, 10.75, 6.2],
			"to": [8.5, 14.5, 6.225],
			"rotation": {"angle": 0, "axis": "y", "origin": [8, 15.5, 14.2]},
			"faces": {
				"north": {"uv": [0, 0, 0.5, 3.25], "texture": "#2"},
				"east": {"uv": [0, 0, 0.5, 3.25], "texture": "#2"},
				"south": {"uv": [0, 0, 0.5, 3.25], "texture": "#2"},
				"west": {"uv": [0, 0, 0.5, 3.25], "texture": "#2"},
				"up": {"uv": [0, 0, 0.5, 3.25], "texture": "#2"},
				"down": {"uv": [0, 0, 0.5, 3.25], "texture": "#2"}
			}
		},
		{
			"from": [6.75, 8.75, 6.2],
			"to": [9.25, 9.25, 6.225],
			"rotation": {"angle": 0, "axis": "y", "origin": [8, 10.75, 14.2]},
			"faces": {
				"north": {"uv": [0, 0, 2.5, 0.5], "texture": "#2"},
				"east": {"uv": [0, 0, 2.5, 0.5], "texture": "#2"},
				"south": {"uv": [0, 0, 2.5, 0.5], "texture": "#2"},
				"west": {"uv": [0, 0, 2.5, 0.5], "texture": "#2"},
				"up": {"uv": [0, 0, 2.5, 0.5], "texture": "#2"},
				"down": {"uv": [0, 0, 2.5, 0.5], "texture": "#2"}
			}
		},
		{
			"from": [5.5, 10, 6.2],
			"to": [7.5, 12.75, 6.225],
			"rotation": {"angle": 0, "axis": "y", "origin": [6.5, 12.5, 14.2]},
			"faces": {
				"north": {"uv": [0, 0, 2, 2], "texture": "#2"},
				"east": {"uv": [0, 0, 2, 2], "texture": "#2"},
				"south": {"uv": [0, 0, 2, 2], "texture": "#2"},
				"west": {"uv": [0, 0, 2, 2], "texture": "#2"},
				"up": {"uv": [0, 0, 2, 2], "texture": "#2"},
				"down": {"uv": [0, 0, 2, 2], "texture": "#2"}
			}
		},
		{
			"from": [8.5, 10, 6.2],
			"to": [10.5, 12.75, 6.225],
			"rotation": {"angle": 0, "axis": "y", "origin": [6.5, 12.5, 14.2]},
			"faces": {
				"north": {"uv": [0, 0, 2, 2], "texture": "#2"},
				"east": {"uv": [0, 0, 2, 2], "texture": "#2"},
				"south": {"uv": [0, 0, 2, 2], "texture": "#2"},
				"west": {"uv": [0, 0, 2, 2], "texture": "#2"},
				"up": {"uv": [0, 0, 2, 2], "texture": "#2"},
				"down": {"uv": [0, 0, 2, 2], "texture": "#2"}
			}
		},
		{
			"from": [6.5, 12.75, 6.2],
			"to": [9.5, 14, 6.225],
			"rotation": {"angle": 0, "axis": "y", "origin": [8, 15, 14.2]},
			"faces": {
				"north": {"uv": [0, 0, 2, 2], "texture": "#2"},
				"east": {"uv": [0, 0, 2, 2], "texture": "#2"},
				"south": {"uv": [0, 0, 2, 2], "texture": "#2"},
				"west": {"uv": [0, 0, 2, 2], "texture": "#2"},
				"up": {"uv": [0, 0, 2, 2], "texture": "#2"},
				"down": {"uv": [0, 0, 2, 2], "texture": "#2"}
			}
		},
		{
			"from": [8.68528, 1.383, 6.201],
			"to": [9.36472, 7.44844, 6.224],
			"rotation": {"angle": 0, "axis": "y", "origin": [8.9, 5.46572, 6.2125]},
			"faces": {
				"north": {"uv": [0, 0, 0, 1], "texture": "#2_2"},
				"east": {"uv": [0, 0, 0, 1], "texture": "#2_2"},
				"south": {"uv": [0, 0, 0, 1], "texture": "#2"},
				"west": {"uv": [0, 0, 0, 1], "texture": "#2_2"},
				"up": {"uv": [0, 0, 0, 1], "texture": "#2_2"},
				"down": {"uv": [0, 0, 0, 1], "texture": "#2_2"}
			}
		},
		{
			"from": [9.68528, 1.383, 6.201],
			"to": [10.36472, 7.44844, 6.224],
			"rotation": {"angle": 0, "axis": "y", "origin": [9.9, 5.46572, 6.2125]},
			"faces": {
				"north": {"uv": [0, 0, 0, 1], "texture": "#2_2"},
				"east": {"uv": [0, 0, 0, 1], "texture": "#2_2"},
				"south": {"uv": [0, 0, 0, 1], "texture": "#2"},
				"west": {"uv": [0, 0, 0, 1], "texture": "#2_2"},
				"up": {"uv": [0, 0, 0, 1], "texture": "#2_2"},
				"down": {"uv": [0, 0, 0, 1], "texture": "#2_2"}
			}
		},
		{
			"from": [10.68528, 1.383, 6.201],
			"to": [11.36472, 7.44844, 6.224],
			"rotation": {"angle": 0, "axis": "y", "origin": [10.9, 5.46572, 6.2125]},
			"faces": {
				"north": {"uv": [0, 0, 0, 1], "texture": "#2_2"},
				"east": {"uv": [0, 0, 0, 1], "texture": "#2_2"},
				"south": {"uv": [0, 0, 0, 1], "texture": "#2"},
				"west": {"uv": [0, 0, 0, 1], "texture": "#2_2"},
				"up": {"uv": [0, 0, 0, 1], "texture": "#2_2"},
				"down": {"uv": [0, 0, 0, 1], "texture": "#2_2"}
			}
		},
		{
			"from": [5.93528, 1.133, 6.201],
			"to": [6.61472, 7.69844, 6.224],
			"rotation": {"angle": 22.5, "axis": "z", "origin": [6.275, 4.41572, 6.2125]},
			"faces": {
				"north": {"uv": [0, 0, 0, 1], "texture": "#2_2"},
				"east": {"uv": [0, 0, 0, 1], "texture": "#2_2"},
				"south": {"uv": [0, 0, 0, 1], "texture": "#2"},
				"west": {"uv": [0, 0, 0, 1], "texture": "#2_2"},
				"up": {"uv": [0, 0, 0, 1], "texture": "#2_2"},
				"down": {"uv": [0, 0, 0, 1], "texture": "#2_2"}
			}
		},
		{
			"from": [5.8787, 1.133, 6.201],
			"to": [6.55814, 7.69844, 6.224],
			"rotation": {"angle": -22.5, "axis": "z", "origin": [6.21842, 4.41572, 6.2125]},
			"faces": {
				"north": {"uv": [0, 0, 0, 1], "texture": "#2_2"},
				"east": {"uv": [0, 0, 0, 1], "texture": "#2_2"},
				"south": {"uv": [0, 0, 0, 1], "texture": "#2"},
				"west": {"uv": [0, 0, 0, 1], "texture": "#2_2"},
				"up": {"uv": [0, 0, 0, 1], "texture": "#2_2"},
				"down": {"uv": [0, 0, 0, 1], "texture": "#2_2"}
			}
		},
		{
			"from": [8.18528, 1.383, 6.201],
			"to": [11.86472, 1.94844, 6.224],
			"rotation": {"angle": 0, "axis": "y", "origin": [10.9, 5.46572, 6.2125]},
			"faces": {
				"north": {"uv": [0, 0, 0, 1], "texture": "#2_2"},
				"east": {"uv": [0, 0, 0, 1], "texture": "#2_2"},
				"south": {"uv": [0, 0, 0, 1], "texture": "#2"},
				"west": {"uv": [0, 0, 0, 1], "texture": "#2_2"},
				"up": {"uv": [0, 0, 0, 1], "texture": "#2_2"},
				"down": {"uv": [0, 0, 0, 1], "texture": "#2_2"}
			}
		},
		{
			"from": [8.18528, 6.883, 6.201],
			"to": [11.86472, 7.44844, 6.224],
			"rotation": {"angle": 0, "axis": "y", "origin": [10.9, 10.96572, 6.2125]},
			"faces": {
				"north": {"uv": [0, 0, 0, 1], "texture": "#2_2"},
				"east": {"uv": [0, 0, 0, 1], "texture": "#2_2"},
				"south": {"uv": [0, 0, 0, 1], "texture": "#2"},
				"west": {"uv": [0, 0, 0, 1], "texture": "#2_2"},
				"up": {"uv": [0, 0, 0, 1], "texture": "#2_2"},
				"down": {"uv": [0, 0, 0, 1], "texture": "#2_2"}
			}
		}
	],
	"gui_light": "front",
	"display": {
		"gui": {
			"scale": [1.99, 1.99, 1.99]
		}
	},
	"groups": [0, 1, 2, 3,
		{
			"name": "group",
			"origin": [8, 15, 14.2],
			"children": [4, 5, 6, 7, 8, 9]
		},
		{
			"name": "group",
			"origin": [8, 8, 8],
			"children": [10, 11, 12, 13, 14, 15, 16]
		}
	]
}